feature_idx,Chromosome,Start,End,Nclone
3,1,471671,786483,5
6,1,1271190,1590570,45
8,1,1738295,2477597,104
10,1,2574555,2580342,2
11,1,2611444,2641811,12
14,1,2672694,2832087,14
15,1,2854198,2856899,2
18,1,2903052,3112977,27
25,1,6613363,8038878,160
27,1,10551320,12533269,211
28,1,12544104,12768740,27
29,1,12774453,12788158,2
30,1,12800742,12805297,2
31,1,12833868,13002452,6
34,1,16126501,16531740,50
36,1,16672053,16680432,2
41,1,17030134,17037487,2
42,1,17042808,19187091,207
44,1,21483025,21545437,5
45,1,21558697,22668805,107
47,1,23469376,25318800,184
51,1,26233527,26722236,59
55,1,27650970,27755668,12
56,1,27765928,29080585,137
57,1,29088543,30687222,80
58,1,30716764,30984527,19
59,1,31006782,31124964,12
60,1,31136968,31957740,91
62,1,33189868,34166798,102
64,1,35336344,35895515,59
67,1,38432360,38569674,5
68,1,38648737,39428343,70
71,1,40617288,40677227,10
73,1,41873732,42747586,86
74,1,42754729,43839204,123
76,1,44600018,45223413,73
78,1,46054586,46436383,40
79,1,46445058,47002412,69
80,1,47020328,47076960,4
83,1,48974558,49671800,66
85,1,50444082,51401581,79
89,1,55339131,55523339,13
95,1,58829706,59938549,86
98,1,60943372,61455192,37
101,1,62781892,63279284,31
102,1,63297252,63739396,40
103,1,63746181,64381618,65
106,1,65377733,65684038,35
108,1,66624841,66943717,33
109,1,66956044,67293111,38
111,1,67574404,69349603,118
114,1,70553640,70787481,16
115,1,70848676,70955685,7
118,1,72489681,72620747,5
120,1,74137824,74816963,66
121,1,74824437,75454027,38
124,1,76167515,76719796,56
125,1,76735134,77210667,41
127,1,77945975,79392599,117
129,1,80938887,81107155,6
131,1,83100179,83359798,18
133,1,83635029,84586214,84
134,1,84590209,84901413,38
137,1,87607672,87697095,3
140,1,89198467,91213470,153
143,1,93748351,97087853,241
144,1,97110991,102417008,384
146,1,103819551,103875725,6
149,1,106163050,107403052,43
150,1,107408809,108467581,105
152,1,109933787,109968401,4
153,1,109987805,110453999,56
155,1,110588200,112717534,216
156,1,112725478,113471063,78
157,1,113508337,114220736,71
158,1,114228794,114235706,4
162,1,116081666,116824183,53
164,1,116880909,116906096,3
165,1,116925150,116938461,3
166,1,116948867,117006671,8
167,1,117015146,117751415,63
170,1,119131184,119266053,15
172,1,119783556,119942294,16
174,1,120313797,120384620,2
176,1,120761983,120923696,11
177,1,141474904,141491470,3
178,1,141500919,141527782,5
180,1,142444242,142565191,14
183,1,142877399,143526765,60
185,1,144975464,145023947,3
186,1,145647143,145716245,2
188,1,146473741,146512434,3
189,1,146525071,146549143,3
195,1,149591108,149598429,2
197,1,150815602,151998352,164
198,1,151998685,152605084,79
199,1,152617283,155145482,300
201,1,156504203,156715120,31
202,1,156722904,157446463,94
206,1,158222895,158292447,7
208,1,158319014,158365270,9
209,1,158378189,158382079,2
210,1,158392593,158736756,45
211,1,158747329,164242059,441
213,1,165958802,165988174,3
214,1,166003996,166010822,2
215,1,166018172,168812476,254
217,1,172527923,176446701,347
224,1,186293872,189329179,155
227,1,193556792,193630262,10
230,1,199087690,199111062,4
231,1,199135441,199222301,8
234,1,201169853,202358631,134
236,1,203539204,205954108,165
237,1,205966175,208143743,229
239,1,209366118,211118685,137
240,1,211126341,211395327,20
241,1,211438238,212152890,39
242,1,212163869,213601626,150
243,1,213607905,215165364,99
246,1,219311634,221538990,132
249,1,225926558,231061656,435
250,1,231067740,234760702,314
251,1,234776770,236274333,71
252,1,236280081,237042779,78
254,1,238747201,239156984,32
257,1,239391358,239517083,4
258,1,239544570,239630032,2
260,1,244627520,244676774,8
261,1,244693374,244865778,25
263,1,244947984,244955806,2
264,1,244961779,244970723,2
265,1,245009770,245014643,2
269,1,245150122,245299678,10
272,2,143031,165346,3
273,2,167106,176745,2
274,2,196212,479448,36
275,2,485052,3016048,237
279,2,8972669,10440704,145
281,2,11273719,11824126,56
286,2,23178086,23798605,45
287,2,23809995,25541135,190
288,2,25551899,29745341,500
291,2,34730412,34868034,6
294,2,41616449,43362384,148
298,2,46600135,47534465,97
299,2,47541529,48962866,132
300,2,49007696,50317220,81
302,2,56853626,57106587,9
304,2,60860846,61005290,14
309,2,73769146,74670974,128
310,2,74676485,81995821,504
312,2,87287735,87839798,10
314,2,89203734,89712785,13
316,2,91057159,91234354,10
320,2,94940234,94964565,6
322,2,98472519,101487776,313
324,2,106409285,110341019,241
325,2,110563411,111085061,2
327,2,113910766,114036896,5
328,2,114146068,115199661,72
330,2,115260305,116378260,119
333,2,123281054,126438234,174
334,2,126478953,126745976,8
336,2,126922829,130410215,228
337,2,130427665,130453073,5
338,2,130458581,131785093,82
344,2,132419295,132947789,21
345,2,132974227,139709714,538
346,2,139773806,147365650,533
347,2,147413433,147652606,8
348,2,147700457,158902610,717
349,2,158911197,159695436,72
350,2,159712195,164848314,421
351,2,164879282,165653813,63
353,2,171017426,173478545,232
355,2,174901679,180212390,481
357,2,187359105,190451844,224
358,2,190458269,190481066,5
359,2,190485380,196058781,305
360,2,196090504,198648767,257
361,2,198658046,216382286,1522
362,2,216395222,217154796,85
364,2,224833869,229675328,409
366,2,231862922,233057465,133
370,2,236672959,242242118,561
372,3,39066,342654,27
375,3,521064,574415,60
376,3,586636,625689,5
377,3,641257,4099960,316
378,3,4109224,4214897,8
382,3,11686988,12710784,108
383,3,12735694,14873985,189
386,3,16792439,18668016,159
387,3,18712267,19922255,72
391,3,29936736,31279861,78
392,3,31298148,34796905,280
393,3,34840321,39070614,379
395,3,41249898,46752789,532
397,3,46829442,48626775,220
400,3,50277922,50326943,14
402,3,54381805,55759111,127
403,3,55767891,60816395,504
406,3,65284372,69024511,274
408,3,69736891,71096721,71
409,3,71105921,71561684,50
410,3,71570203,73535935,139
412,3,75479859,75535753,2
417,3,75971233,76019295,2
418,3,76042344,77513375,93
419,3,77524016,79388058,134
424,3,84773539,86079447,134
426,3,86304015,87271517,43
427,3,87287192,87311658,2
430,3,88179775,88662813,36
431,3,88671596,89473678,63
432,3,89488409,89516057,5
435,3,90236603,90284660,4
437,3,95043863,95338953,36
439,3,97384282,97943959,22
440,3,97955574,100144881,237
441,3,100159418,103058802,254
443,3,103869497,105247720,47
445,3,106589477,111089189,342
446,3,111105693,113356479,147
448,3,113854434,114473399,51
453,3,127015333,127130406,5
456,3,128683027,130206126,164
458,3,130849527,131199964,38
460,3,131310594,136853762,499
461,3,136891846,137841243,79
462,3,137852057,143671669,475
463,3,143686906,144718154,103
464,3,144727213,153247166,598
466,3,156981865,160212878,294
470,3,164038925,164101784,6
472,3,164343718,164427869,8
474,3,166639991,168786545,129
476,3,170472437,173237997,277
477,3,173247425,173637617,47
481,3,181189842,185001990,247
482,3,185013005,186735226,204
488,3,196972157,199325300,261
491,4,62447,79281,6
492,4,81744,90787,2
493,4,96888,175366,9
495,4,833085,843614,2
499,4,3556852,3568531,3
502,4,4308119,4314081,2
504,4,4360195,8850748,490
506,4,9490990,15375010,363
507,4,15384438,24218777,600
508,4,24224491,26261405,163
509,4,26278444,30019771,149
513,4,36738699,36983238,8
514,4,37025175,37407426,31
515,4,37413005,41489363,397
520,4,47347301,48644676,147
521,4,48659573,48887700,23
522,4,48893757,48924159,3
523,4,49056466,49422736,2
525,4,52552859,52866092,37
526,4,52891744,53940563,93
529,4,54830408,56191506,88
530,4,56204828,56528111,21
531,4,56538786,56886195,28
532,4,56900758,57769341,100
533,4,57777789,59357407,57
534,4,59395290,60641180,43
535,4,60678904,61229724,18
536,4,61252645,62435526,80
538,4,63275984,64652340,38
539,4,64680305,65414644,36
542,4,66835016,67211677,12
543,4,67234063,67381734,4
545,4,67867679,69042487,107
552,4,71911043,72985198,100
553,4,72994111,74368203,93
554,4,74379535,74719357,35
555,4,74730754,75668590,106
556,4,75673613,76622083,53
557,4,76653831,77049387,42
560,4,77863667,78685195,90
562,4,79616351,80607032,93
565,4,82569422,84308939,125
566,4,84316855,87125034,224
567,4,87135123,88309706,126
568,4,88320867,88381178,7
569,4,88392625,89297860,90
571,4,89790637,91468725,138
572,4,91479631,92419006,111
573,4,92426426,93211181,61
574,4,93240865,100160841,545
575,4,100169541,102644734,204
578,4,106972190,110834066,297
580,4,119714411,119812578,8
581,4,119819380,119910398,6
584,4,124390047,126128011,99
585,4,126172292,132931013,328
586,4,132983429,133222805,10
589,4,133758444,135910286,94
590,4,135920331,141938438,327
593,4,143274574,145390888,165
594,4,145396784,148091215,206
595,4,148098972,152558944,372
598,4,162205286,162321148,5
599,4,162347852,163724527,105
602,4,171088261,178331211,505
603,4,178373531,178507603,5
609,4,188886189,190844427,150
613,4,191144773,191165971,2
614,4,191191940,191311992,11
617,5,285775,706486,48
618,5,714149,719885,2
619,5,725942,745859,3
620,5,763494,786455,3
621,5,802518,826044,4
623,5,873416,878290,2
624,5,916822,999736,11
625,5,1007442,2438174,145
626,5,2448553,4633545,163
628,5,6356267,9839414,264
632,5,17100908,17382633,25
637,5,18945305,20776045,115
641,5,26323047,30449516,149
646,5,34446079,35291657,82
649,5,36845462,39113391,205
651,5,41241052,41596520,35
654,5,44516010,44864831,19
660,5,51321507,51678728,13
661,5,51720583,51852968,6
663,5,54350373,55141379,94
666,5,57805582,58473974,67
669,5,62457701,65999278,299
670,5,66011537,68773114,198
671,5,68785515,68850823,9
674,5,70716278,70721505,2
675,5,70752359,71062539,40
676,5,71077546,89933522,1459
677,5,89942176,93303306,213
680,5,96522323,96603723,9
683,5,100290917,104805236,243
686,5,119108165,125801997,366
687,5,125809649,131839536,505
689,5,140203440,140221835,5
691,5,140433878,142819410,270
695,5,150224239,152555267,187
696,5,152572508,153979903,115
698,5,157900279,159729154,155
702,5,166676986,169967887,316
705,5,173368856,173702519,22
708,5,175923647,177416642,167
709,5,177429941,178551058,140
711,5,179309126,179400068,16
713,5,180342860,180362342,4
714,5,180379352,180644810,41
719,6,204528,238441,4
724,6,611289,618999,3
728,6,1358498,1359129,2
731,6,1535319,2846224,137
732,6,2851182,4639919,182
733,6,4651403,4923955,32
736,6,7879466,9392103,69
739,6,12512986,14535258,172
740,6,14553443,16323782,102
741,6,16343597,18497312,196
743,6,18550170,19001738,26
745,6,20726739,22048197,107
746,6,22060377,24236375,102
749,6,26270597,27455236,127
751,6,28803010,29931073,138
753,6,29962849,30010234,6
755,6,30040917,30081128,8
756,6,30100446,31385778,183
757,6,31395330,31558079,18
759,6,32123032,32519935,60
763,6,32672983,32702995,4
766,6,32766023,32821094,7
767,6,32831879,35335888,300
771,6,39777677,40701218,70
772,6,40747924,42826227,225
773,6,42836838,44732805,236
774,6,44758471,45096253,28
775,6,45107837,47047807,190
776,6,47058985,49231488,137
777,6,49256992,50627364,103
779,6,50933781,52204787,101
781,6,53306500,55847962,196
784,6,57477427,57636798,17
787,6,58721961,58788688,3
791,6,64633346,64705894,4
792,6,64750730,65951879,46
793,6,65983562,66231264,23
795,6,66559986,66839246,16
796,6,66872400,66895777,2
798,6,67665685,68602261,26
801,6,69820589,70731852,80
805,6,74827202,75616671,51
806,6,75632175,75961320,21
809,6,77558013,78882312,61
810,6,78930885,78983276,2
814,6,80170446,80661257,33
816,6,81088018,85574506,296
817,6,85623360,89090699,226
818,6,89106148,90015649,77
819,6,90034143,91964331,149
820,6,92035339,94502615,100
823,6,98260964,101072587,165
825,6,101760344,102800128,90
830,6,109441576,110404222,102
831,6,110408187,110448454,6
832,6,110490286,110621141,12
838,6,113685697,115481584,86
839,6,115539064,119256600,285
840,6,119263604,122326220,164
844,6,125139481,126167412,78
846,6,126241146,127397419,84
848,6,128614174,131296266,224
849,6,131304839,132036965,59
854,6,135286400,135498058,20
855,6,135520431,136095714,50
863,6,140293024,140905063,22
864,6,140939171,142310445,62
865,6,142327743,142777918,42
866,6,142788191,144116578,121
868,6,146437674,146587408,17
872,6,148925597,149834816,73
873,6,149845177,151256488,138
875,6,151887510,151910707,5
876,6,151923886,152073221,15
881,6,155536554,155990159,41
882,6,156012158,157939123,85
884,6,159987610,160117932,13
885,6,160123384,160978168,92
888,6,162127431,162150671,3
889,6,162157607,165672936,249
892,6,168162397,168399709,28
894,6,169960900,170838662,75
896,7,140213,293548,25
897,7,294016,413795,8
901,7,5087337,5134464,5
905,7,6613548,8499980,171
908,7,11177449,16121211,353
910,7,16181027,19066529,235
911,7,19108591,21230532,121
912,7,21242540,23314039,200
913,7,23318666,25286039,152
914,7,25362742,25970530,39
918,7,32527033,33234186,80
920,7,34866533,36163174,85
921,7,36175211,38060725,175
923,7,38077657,38154547,13
927,7,38929655,39109161,24
932,7,42816449,42991793,15
933,7,43002620,45737633,300
934,7,45749583,50666812,373
935,7,50712505,53062228,103
937,7,54100285,55448490,97
940,7,57189719,57228014,5
941,7,57241696,57368798,16
942,7,57387971,57475215,4
944,7,61474815,61904815,2
945,7,61960303,63832523,118
948,7,64797061,65770140,108
949,7,65783655,66332092,42
953,7,69678101,71447664,165
962,7,99590278,106532636,720
963,7,106546263,110699102,318
967,7,118321912,120385289,141
968,7,120392104,127681019,610
969,7,127690967,127692104,2
970,7,127699224,127876072,12
971,7,127894166,129740582,227
972,7,129743562,133316602,333
974,7,138141688,140181133,233
975,7,140201234,141189966,122
976,7,141214728,141245219,4
978,7,141470171,141494693,3
982,7,141932317,141947816,3
983,7,141965869,141978333,4
984,7,141989305,143302267,165
986,7,143526118,144834685,78
988,7,146722477,148987441,242
990,7,149312155,151330638,251
991,7,151340103,151554620,20
992,7,151563552,151568910,2
993,7,151573687,153083628,75
996,7,155969175,158427634,279
997,7,158528292,158617983,8
999,8,166452,181530,3
1001,8,822927,1136619,36
1003,8,2586264,3627077,113
1005,8,4299996,4692082,48
1006,8,4708444,5657660,43
1007,8,5677578,5923347,12
1012,8,8148437,11897919,356
1013,8,11903901,12448374,5
1014,8,12511855,12602139,4
1015,8,12623479,14185328,128
1017,8,14298266,16315130,119
1018,8,16373516,16668380,15
1020,8,17316883,18940172,157
1021,8,18983405,19153325,9
1024,8,22663858,23132039,58
1026,8,25114132,25774629,65
1028,8,26613950,27431467,73
1030,8,28208003,28538941,33
1035,8,29497110,29571339,6
1036,8,29592601,30101874,30
1038,8,30302476,30776804,55
1039,8,30786432,30939857,12
1040,8,30952516,31295499,36
1043,8,32161837,32407642,32
1052,8,35005401,35166837,9
1053,8,35204286,35426691,14
1054,8,35453083,35676140,26
1059,8,36347029,36416687,4
1060,8,36426253,36481039,5
1061,8,36512939,36612488,5
1062,8,36627162,36673994,3
1063,8,36719696,36769058,3
1064,8,36779836,36973293,17
1065,8,37028146,37290782,8
1067,8,37636761,37737912,15
1070,8,38168564,38303346,20
1071,8,38313929,38522146,24
1072,8,38534092,38573218,2
1073,8,38599339,38743232,11
1074,8,38750609,38784733,4
1076,8,39013480,39080885,9
1078,8,39281207,39333915,8
1083,8,39870841,39957091,12
1085,8,40125478,40131470,2
1086,8,40137595,40540201,18
1088,8,41074444,41272917,11
1089,8,41279137,41562453,25
1090,8,41575958,42118548,55
1092,8,42191493,42325689,15
1093,8,42333867,42484474,24
1097,8,43143792,43155815,2
1099,8,43264404,43419507,11
1103,8,48952907,49214104,27
1105,8,50133866,50469104,16
1108,8,53262924,54668893,103
1109,8,54691654,55840039,92
1115,8,60942453,61985710,79
1117,8,64430407,65154750,36
1120,8,68236561,69486500,120
1122,8,69601839,71105403,122
1123,8,71114730,72584340,123
1125,8,73566583,74092303,55
1127,8,74834389,76915325,147
1130,8,80201442,82469298,162
1131,8,82493004,83964171,98
1137,8,91015577,92330975,109
1138,8,92340223,94807075,152
1140,8,96256921,97415885,75
1143,8,98721543,100441109,195
1144,8,100449572,100905868,53
1145,8,100916665,101800174,94
1146,8,101808084,102428770,39
1147,8,102442641,103122693,77
1148,8,103130143,104962929,175
1149,8,104974429,105842700,87
1150,8,105857203,107203129,91
1153,8,108963119,110219485,93
1154,8,110237460,111332167,82
1156,8,112428669,113232393,23
1157,8,113259394,114138964,98
1159,8,114214217,115827427,84
1160,8,115852788,116921245,63
1161,8,116969946,117894149,61
1162,8,117915188,119933236,159
1163,8,119955970,120250296,24
1169,8,123998961,124006623,2
1171,8,124226195,125428423,130
1173,8,125614708,126552359,96
1175,8,127689556,127938480,11
1178,8,128905144,129748492,48
1179,8,129784096,131534968,140
1180,8,131578988,133842009,169
1182,8,135587578,136878332,93
1184,8,137337404,139849337,140
1186,8,140666163,142443623,206
1189,8,144953439,145949490,138
1193,9,533322,559898,8
1194,9,561049,564737,4
1195,9,577359,779786,23
1197,9,1091407,1133457,3
1198,9,1140019,1140037,2
1200,9,1308165,1310587,5
1201,9,1330131,5289937,382
1206,9,7319454,7723767,17
1211,9,14064086,15257912,112
1212,9,15263240,15413878,12
1215,9,17369886,19203822,144
1217,9,20707840,21648291,124
1218,9,21698371,22292223,45
1221,9,24873989,25144678,8
1222,9,25195505,25969531,31
1226,9,30134402,30542335,18
1228,9,32358928,33474125,122
1229,9,33485659,33598877,7
1231,9,33947741,34651900,95
1233,9,35872626,36409434,67
1235,9,37266871,37926418,81
1236,9,37932049,38449475,45
1237,9,38461231,38526930,8
1242,9,40361684,40520747,4
1243,9,42913008,43066618,5
1244,9,43094089,43410478,3
1245,9,43474997,43808233,2
1249,9,68214035,68262872,2
1252,9,69611393,72870675,314
1253,9,72888295,74779332,106
1256,9,93384891,96903882,319
1259,9,99783218,100123514,36
1260,9,100128607,106760490,470
1262,9,108902584,110081531,133
1263,9,110086022,110100386,3
1266,9,110146245,111841975,165
1267,9,111858941,112900683,116
1269,9,116267033,121337857,381
1272,9,126228345,127455560,133
1275,9,128686793,128927098,36
1277,9,129874601,131489732,173
1278,9,131502208,132291494,85
1279,9,132301378,132954430,86
1285,9,136812271,138270560,224
1289,10,377954,2223419,190
1290,10,2235932,2639937,34
1291,10,2654619,3125483,39
1293,10,3183516,4945256,144
1296,10,7653937,9348858,103
1299,10,9727172,14033998,357
1300,10,14046295,16112625,206
1301,10,16134020,16227462,4
1302,10,16276793,18410505,169
1304,10,19867386,21854463,165
1310,10,27375620,30712263,281
1312,10,30759425,31037306,25
1313,10,31047787,31264972,17
1315,10,33471382,35007483,115
1317,10,37153306,37598792,27
1318,10,37642247,37726105,4
1319,10,37774262,38563575,52
1320,10,38596435,38781788,9
1323,10,42209250,42289771,11
1325,10,43064095,43509699,49
1327,10,44629442,45468415,85
1332,10,47735472,47954413,2
1333,10,47970511,48018420,11
1335,10,49060081,50721556,176
1336,10,50764988,51264997,19
1338,10,51672831,54212972,250
1340,10,55351133,55782605,48
1342,10,58432737,60103148,84
1344,10,63282635,64126023,83
1346,10,66018580,66423604,17
1350,10,71007045,72336589,156
1353,10,74443947,75714437,157
1355,10,76752186,78419088,144
1356,10,78427308,79275280,93
1362,10,83919871,84654324,84
1369,10,88896882,89199763,11
1373,10,90757542,94284487,319
1374,10,94291120,95206619,90
1380,10,102947788,104628575,228
1381,10,104637614,109744576,424
1383,10,116046370,117201777,113
1387,10,123051158,123681745,63
1390,10,125556658,126695384,109
1391,10,126700842,127563278,74
1393,10,127612803,128762972,100
1398,10,134408050,135054576,82
1400,10,135120942,135123668,2
1401,10,135142920,135266354,19
1403,10,135324914,135395562,3
1404,11,182372,223502,11
1405,11,234177,263286,5
1407,11,297092,3320321,373
1410,11,5777496,5838945,11
1411,11,5849760,5891661,8
1415,11,10046146,11172422,105
1418,11,14272534,15231551,99
1419,11,15253180,15787974,19
1422,11,18447860,19551133,92
1428,11,29167359,31313660,149
1430,11,32019726,32772242,64
1431,11,32782710,32814911,5
1432,11,32828281,33509097,58
1433,11,33522261,34288349,69
1434,11,34294135,34457136,12
1436,11,35541828,35816070,26
1438,11,36423103,37398955,53
1439,11,37466023,37830303,11
1441,11,38560995,38781628,8
1446,11,43414253,44588217,102
1449,11,47517219,48452638,103
1451,11,48953023,49891798,50
1452,11,49905029,50188427,26
1459,11,55225136,55598948,55
1460,11,55607240,56294614,105
1461,11,56304321,56600048,21
1463,11,57020510,57237001,34
1464,11,57242600,57277614,8
1466,11,57452577,57968617,67
1468,11,58439169,58548776,13
1469,11,58566389,58626432,6
1471,11,58938579,59160725,32
1474,11,59855395,59984619,21
1479,11,61339118,61799979,54
1480,11,61808121,61920836,11
1481,11,61927382,62259438,59
1484,11,62878222,63605370,93
1485,11,63611130,63816734,41
1486,11,63819511,64238843,49
1487,11,64244252,64294476,11
1489,11,64658962,64948808,39
1491,11,65669021,65808620,17
1494,11,66160840,66454365,40
1495,11,66460753,66511737,7
1496,11,66520903,66704162,24
1499,11,66868347,67229707,65
1500,11,67267798,67414758,5
1501,11,67520412,67594726,15
1503,11,67644597,67786891,13
1504,11,67790584,68061824,32
1505,11,68072142,68138080,8
1506,11,68142018,68367037,26
1508,11,68533317,68599238,7
1510,11,68740184,68819585,5
1511,11,68821295,68894909,7
1512,11,68913061,68943548,2
1514,11,69195212,69339332,23
1516,11,69370206,69697125,20
1517,11,69703427,69736816,7
1518,11,69744088,69954921,24
1520,11,69985851,70035066,7
1522,11,70081658,70105050,3
1523,11,70110393,70189261,10
1527,11,70519863,70552702,6
1529,11,70626984,70748178,6
1533,11,71381835,71406223,7
1535,11,71861247,72016501,17
1536,11,72020024,72414605,50
1537,11,72423248,72504176,8
1538,11,72510987,73119430,68
1539,11,73133700,73543893,53
1542,11,73782850,73789372,2
1543,11,73803134,74080304,28
1544,11,74087184,74239789,16
1549,11,76195288,76242978,4
1550,11,76252638,76364917,12
1551,11,76374332,76586638,28
1552,11,76603764,76734446,15
1555,11,77212743,77275058,9
1557,11,77881751,77985428,11
1558,11,78005966,78127149,11
1559,11,78137964,78627898,48
1563,11,80263397,80790766,17
1564,11,80814746,81363283,20
1565,11,81383435,82269855,62
1567,11,82599955,82867442,25
1571,11,86480032,87537774,59
1574,11,89400624,89482692,5
1577,11,98637002,101368726,228
1578,11,101380957,101972052,61
1579,11,101977732,103163021,108
1583,11,107409719,109050102,128
1584,11,109089452,114667900,476
1587,11,118366070,119578429,132
1588,11,119588838,124295965,440
1589,11,124303180,130667119,520
1590,11,130687277,132596928,182
1591,11,132606436,134432265,163
1592,12,33854,83748,5
1593,12,85118,207283,19
1595,12,232017,397918,25
1596,12,412868,427816,14
1598,12,456875,5263685,496
1599,12,5291289,5981041,73
1606,12,10464018,10484956,4
1607,12,10497371,11375835,86
1610,12,11793290,12143159,32
1612,12,12841194,13391483,61
1616,12,18180985,19318702,93
1618,12,23801758,24366747,63
1619,12,24380594,28301386,337
1620,12,28309807,28575307,28
1621,12,28593352,29337422,37
1623,12,30244358,31026604,41
1624,12,31033856,31162891,11
1625,12,31173065,31257959,5
1626,12,31265652,31284231,2
1630,12,36160215,36244407,2
1632,12,36995792,37989676,59
1633,12,37995224,38184617,18
1635,12,39143365,39187593,6
1636,12,39197961,41841971,173
1638,12,42221157,42337973,5
1640,12,42744201,43936926,107
1642,12,44923991,45851001,66
1644,12,47616812,49288718,233
1645,12,49299695,51238169,253
1648,12,54887816,57494566,305
1650,12,59087176,60039028,38
1652,12,62137202,62802242,53
1653,12,62807597,63330914,48
1654,12,63340667,63566937,25
1658,12,66954549,67332062,40
1660,12,68281534,69298703,97
1661,12,69315717,70369674,100
1662,12,70379430,70453985,9
1663,12,70462057,70560603,10
1667,12,72645832,73204852,27
1668,12,73217711,73482351,9
1670,12,74674175,74721164,8
1672,12,75396411,75693696,24
1676,12,83810013,84520659,46
1678,12,85450052,85962613,38
1679,12,85986743,87258350,61
1680,12,87329145,88538415,71
1682,12,88953160,90674492,79
1683,12,90696859,92322330,111
1688,12,98643996,98870746,26
1689,12,98887240,100375665,146
1690,12,100382347,103227744,260
1693,12,106729888,108471654,165
1694,12,108480224,109587365,122
1697,12,112932396,115188305,114
1698,12,115213387,117427044,211
1699,12,117482117,118187418,44
1701,12,121214709,125790293,411
1702,12,125830721,127205204,58
1704,12,129603441,130143269,61
1705,12,130156193,130810857,41
1707,13,5179,123882,5
1711,13,19260103,19531662,30
1713,13,20633975,20649522,5
1715,13,21261016,23202349,118
1718,13,25640645,26099131,51
1722,13,27404234,29085569,179
1724,13,30623020,31761730,107
1727,13,33699769,34223960,22
1730,13,40795287,41378403,71
1733,13,45269295,47682284,199
1738,13,52653413,54815215,83
1739,13,54857465,56596626,67
1740,13,56602818,56610886,2
1742,13,56770498,59473015,138
1744,13,59551837,62339014,141
1745,13,62380464,63593790,52
1746,13,63637310,66729432,199
1747,13,66749878,67487718,27
1752,13,72745928,73112108,17
1753,13,73137009,77218661,358
1754,13,77224204,78743491,109
1756,13,84451123,87878353,150
1757,13,87900787,89348492,63
1760,13,92654560,93502798,113
1763,13,97862194,98405672,60
1765,13,106116697,109738959,267
1766,13,109743699,110348566,82
1770,13,113758453,114123862,50
1771,14,18149473,18537177,4
1777,14,19505698,19515781,2
1778,14,19535787,19582682,8
1780,14,19665289,19995996,58
1781,14,19997548,20406205,75
1783,14,20490129,20705560,48
1784,14,20722830,21262184,76
1785,14,21270813,21347112,11
1787,14,21420105,21448635,4
1789,14,21518235,22000194,60
1791,14,22046097,22052799,2
1792,14,22066142,22237533,20
1794,14,22554737,22735063,29
1795,14,22765734,23911039,174
1796,14,23921546,23927104,2
1797,14,23931880,24238252,37
1798,14,24282704,24913400,50
1799,14,24937976,25845033,30
1800,14,25879379,25966458,5
1801,14,25973380,28628763,139
1802,14,28684841,28703627,2
1804,14,29606446,30197701,43
1805,14,30209271,30636982,48
1806,14,30644343,31109495,47
1807,14,31126706,31187358,8
1811,14,34090931,34754302,83
1812,14,34765550,35332809,60
1813,14,35347136,36478421,105
1814,14,36483547,37475298,121
1815,14,37489099,37598648,10
1816,14,37627931,38890108,98
1817,14,38908039,40550969,79
1818,14,40566575,40779816,10
1819,14,40812969,41461134,48
1820,14,41479353,42064713,23
1821,14,42076777,43555063,49
1823,14,44127847,46166974,123
1824,14,46180088,47520893,137
1827,14,48795558,49374177,62
1830,14,50389482,50946632,45
1831,14,50969091,50997672,2
1832,14,51010758,52051333,114
1833,14,52064745,52660995,75
1836,14,53877628,54699527,110
1838,14,57601882,59282484,164
1839,14,59289512,60676241,161
1840,14,60720314,63407607,240
1841,14,63418291,66677824,340
1842,14,66683727,67322584,90
1843,14,67338747,67711611,46
1844,14,67717489,67868637,20
1846,14,68154581,71881814,401
1847,14,71888528,73047267,145
1848,14,73071404,73092018,4
1850,14,73123697,74424755,174
1851,14,74430822,76554876,220
1856,14,95084499,96542228,135
1858,14,96926587,98114562,49
1859,14,98140447,99640922,134
1860,14,99643257,101201692,177
1862,14,102714748,102744966,5
1864,14,103616696,103656706,12
1866,14,104537408,105080340,79
1872,14,105857193,105881279,4
1873,14,105907191,105946993,4
1874,14,105962305,106002179,6
1875,14,106017453,106212061,21
1877,15,53166,592121,5
1879,15,18362555,18431773,4
1881,15,18657388,18683110,2
1882,15,18722595,18790589,4
1883,15,18835660,18884436,5
1886,15,19860116,19886840,7
1888,15,20307869,20387327,5
1890,15,20800736,20851679,3
1893,15,22163893,22272781,4
1894,15,22289273,22364310,4
1896,15,23440964,23933266,48
1897,15,23967192,26208602,206
1899,15,27009381,32443495,508
1902,15,32605086,32654561,3
1906,15,39590440,39979013,54
1909,15,41676219,44156737,294
1914,15,57627602,58554678,76
1920,15,63879006,66338634,293
1922,15,66484574,67862006,149
1923,15,67879794,68837480,60
1925,15,69967476,70022763,9
1928,15,75110193,76381135,136
1930,15,76841291,76879936,5
1934,15,81362293,82546736,140
1935,15,82553368,82745143,8
1937,15,86418859,87600027,134
1938,15,87605979,88178540,93
1939,15,88185003,88623472,63
1942,15,91769534,94906377,181
1944,15,99958679,100080882,17
1945,15,100089883,100176856,13
1947,15,100217283,100282819,2
1950,16,155724,182983,5
1951,16,191307,2499608,352
1953,16,4670009,9018298,364
1954,16,9048939,13407657,374
1955,16,13422219,14817706,93
1956,16,14956177,14988855,5
1957,16,15039224,16166785,108
1959,16,18701947,19396257,78
1962,16,21382561,21444431,2
1965,16,23257230,25462573,235
1966,16,25489842,27627494,153
1967,16,27639967,28503138,79
1970,16,29063624,29528190,15
1972,16,29586070,30555422,134
1974,16,31854837,31862577,2
1975,16,31958973,32105104,4
1981,16,34095229,34115736,3
1984,16,34505520,34605030,4
1986,16,45058242,45218686,18
1987,16,45230563,45312514,16
1991,16,46713098,47356334,59
1992,16,47380507,47610756,6
1995,16,48783687,49225359,48
1998,16,50733339,51847185,67
1999,16,51853490,52456026,66
2002,16,53381895,53724420,17
2003,16,53780548,54336421,53
2005,16,54390012,54422612,5
2006,16,54444069,54555738,7
2008,16,54859898,55031124,19
2009,16,55038003,56457183,189
2010,16,56463550,56765910,38
2013,16,59325545,61138989,90
2015,16,63246412,66317225,283
2016,16,66324844,67303969,127
2020,16,68667006,68679377,2
2023,16,68880321,69381055,61
2024,16,69391442,69397102,2
2026,16,69763173,70593293,100
2028,16,71180297,71797476,57
2029,16,71838028,72906433,74
2031,16,73022578,73030029,2
2032,16,73043507,76974056,344
2036,16,86462708,86560114,9
2039,16,86985669,88124384,145
2042,17,48539,59739,2
2043,17,66107,390571,43
2045,17,444378,446414,2
2047,17,457721,461603,2
2051,17,1302415,1427745,18
2053,17,1440363,1452762,4
2054,17,1456417,1524691,12
2056,17,1542118,1560766,11
2066,17,2286862,2330659,16
2067,17,2333732,2343255,4
2069,17,2914621,3387328,60
2070,17,3393853,4388997,123
2073,17,5031837,5332851,41
2074,17,5343504,7517491,247
2075,17,7522884,8559106,145
2077,17,9885625,9934563,7
2078,17,9943837,11456680,128
2080,17,12861144,13000886,6
2084,17,16733547,17098966,42
2086,17,17898157,18224296,43
2093,17,20234571,20521986,8
2094,17,20569693,20596699,4
2095,17,20618474,20721661,8
2096,17,20727682,20882716,16
2097,17,20891730,20949831,6
2098,17,20959898,21204422,30
2099,17,21211558,21386260,15
2107,17,22622230,22764692,15
2109,17,22798530,22952517,17
2110,17,22978886,23005210,5
2111,17,23030260,23591463,42
2114,17,23820330,24085005,47
2116,17,24108428,24223451,15
2117,17,24231923,24249384,4
2118,17,24253086,24258741,2
2120,17,24404020,24439755,7
2122,17,24708419,24915412,25
2123,17,24920439,24966191,12
2128,17,25637986,25806515,26
2130,17,25854264,25898780,6
2131,17,25904202,25950168,5
2132,17,25965192,26220704,19
2133,17,26229215,26272399,7
2134,17,26277897,26409508,17
2135,17,26424460,26602264,18
2137,17,26776780,26934810,26
2138,17,26937665,27268863,29
2147,17,28592613,28797008,25
2152,17,29432404,29684217,28
2155,17,30330617,30480991,21
2157,17,30532205,30922368,41
2158,17,30926421,30953397,6
2160,17,31182810,31330891,23
2161,17,31334408,31456645,22
2162,17,31461588,31504564,5
2163,17,31889297,31959669,12
2164,17,31965989,32176678,17
2165,17,32221174,32383368,11
2166,17,32387558,32487357,12
2168,17,32563736,32871918,34
2170,17,32966528,33198713,28
2172,17,33315580,33322972,2
2178,17,34268102,34553000,30
2179,17,34563052,34654837,16
2180,17,34663603,34850363,21
2181,17,34863487,34894235,4
2182,17,34900309,34977994,7
2184,17,35076296,35282086,29
2185,17,35286565,35336158,8
2187,17,35391450,35427554,7
2188,17,35444422,35463146,4
2189,17,35468181,35478001,2
2191,17,35559756,35641086,11
2192,17,35651425,35690636,6
2193,17,35696930,35849697,24
2194,17,35854781,35986154,20
2195,17,35991941,36074566,12
2196,17,36083031,36242899,27
2205,17,37416931,38029088,90
2206,17,38035466,38070950,5
2210,17,39280577,40847517,203
2211,17,40859120,40926154,6
2212,17,41011530,41041674,3
2213,17,41062669,41447005,37
2214,17,41458670,41494331,6
2216,17,41577520,41644979,7
2217,17,41700762,41706870,2
2218,17,41983407,42049540,2
2219,17,42161364,42296514,18
2220,17,42301553,42639030,37
2221,17,42648686,42873571,24
2225,17,43153310,43384340,35
2227,17,43530214,43567365,8
2228,17,43574909,43655795,9
2231,17,43810166,43930335,11
2232,17,43946120,44019176,16
2235,17,44353478,44399197,7
2237,17,44518926,44626492,9
2238,17,44632651,44707913,15
2240,17,44860354,45025420,16
2241,17,45031235,45116870,11
2243,17,45197191,45278938,10
2245,17,45521020,45876378,51
2249,17,46112158,46260128,20
2250,17,46267891,46381045,11
2252,17,46599943,46826921,24
2253,17,46858804,46875527,2
2255,17,47090505,47257983,18
2256,17,47271445,47422818,17
2259,17,47869349,47911139,3
2260,17,47941897,47991776,2
2262,17,48439335,48854538,16
2263,17,48882141,49169293,9
2264,17,49218134,49331755,10
2265,17,49373601,49962523,18
2268,17,50592113,50697800,7
2270,17,51054617,51229462,15
2271,17,51336095,51733282,24
2273,17,51840616,51979165,15
2274,17,52005812,52081036,7
2275,17,52115865,52175252,2
2277,17,52471697,52537392,7
2279,17,52934138,53132322,23
2281,17,53289830,53419048,17
2282,17,53437573,53723036,39
2283,17,53728746,53804295,15
2285,17,53989121,54014009,3
2287,17,54113155,54166481,7
2288,17,54176166,54290030,12
2289,17,54300821,54309513,2
2292,17,54717870,54913363,14
2293,17,54933369,55106815,15
2296,17,55230326,55273077,9
2297,17,55278433,55306486,8
2303,17,56015609,56174508,16
2304,17,56184200,56439989,25
2305,17,56447865,57110595,66
2310,17,57999619,58011252,2
2311,17,58020021,58237789,26
2312,17,58286355,58534378,17
2313,17,58552791,58682708,11
2314,17,58697752,58747935,5
2317,17,59047641,59414919,54
2318,17,59423034,59692269,33
2319,17,59697825,59821791,12
2324,17,60462254,60503653,5
2326,17,60634938,61232593,39
2327,17,61247968,61578637,33
2328,17,61590200,61726416,13
2330,17,61841153,62243790,40
2332,17,62484955,62865744,41
2337,17,63656768,63774037,15
2339,17,63992868,64014886,3
2344,17,65395757,65450238,3
2346,17,65625225,65764729,15
2347,17,65775887,65840397,5
2348,17,65857197,66108544,12
2350,17,66493468,66940678,15
2355,17,69416451,70413047,117
2357,17,70429779,70934828,79
2358,17,70941257,71134968,22
2361,17,71426927,71818618,51
2363,17,72125996,72506520,37
2364,17,72554830,73052895,43
2365,17,73072270,73113038,2
2367,17,73649740,73971775,45
2369,17,74252668,74967497,79
2374,17,76641413,76646445,2
2378,17,77422698,77432294,2
2379,17,77442683,77478901,2
2380,17,77503378,77503685,3
2381,17,77535412,77646396,19
2383,17,77704506,78562654,115
2388,18,475240,735100,35
2391,18,2427324,2694258,28
2393,18,3556635,4569844,85
2396,18,5284216,5637217,39
2397,18,5660598,6461189,67
2398,18,6471417,6499427,2
2401,18,8373762,10146194,162
2403,18,11276577,14071828,274
2404,18,14079350,14091534,2
2405,18,14091869,14112462,4
2406,18,14120810,14602888,14
2407,18,14723811,14968075,16
2410,18,17030723,17267405,26
2414,18,19215149,19728233,66
2415,18,19733211,22259536,212
2416,18,22269177,22793854,55
2417,18,22806771,23086108,30
2422,18,30256816,36963702,460
2423,18,36996895,42435594,413
2426,18,46023418,47316297,116
2429,18,51630663,51747511,7
2430,18,51767179,55758094,379
2431,18,55763385,57119698,81
2432,18,57167311,61400117,325
2433,18,61430694,62786765,69
2437,18,68386012,71032530,200
2439,18,75205199,75248694,5
2444,19,265457,668643,59
2445,19,677462,753834,11
2446,19,763067,2336468,217
2448,19,3363749,3971503,77
2452,19,5794077,6284798,55
2454,19,6838563,8683350,203
2456,19,8994090,9275927,31
2458,19,9758535,10191584,55
2459,19,10213505,10628317,63
2464,19,13188639,14135749,100
2465,19,14154925,14202425,5
2473,19,16897961,16929691,5
2475,19,17377353,17885285,63
2477,19,18176377,18335744,24
2479,19,19178436,19709261,72
2483,19,20894154,21360507,32
2484,19,21365318,21867600,44
2485,19,21880430,22117890,19
2486,19,22142943,23523832,107
2487,19,23542436,23555254,2
2490,19,24121458,24157855,3
2491,19,32545047,32939756,2
2492,19,32964337,33432675,19
2493,19,33479027,33771144,18
2494,19,33781013,34430432,30
2495,19,34467144,36255437,108
2496,19,36288875,36863686,25
2497,19,36912833,38215548,87
2499,19,39397840,40350432,103
2501,19,40530071,40556205,5
2504,19,41820589,42286136,41
2506,19,42932192,43840067,98
2511,19,45934725,46027876,20
2513,19,46078903,47472679,160
2515,19,47934635,48237067,14
2516,19,48267018,48449548,10
2518,19,49950095,52086307,265
2519,19,52096843,52535369,51
2520,19,52542167,53091152,68
2523,19,55204293,55567209,36
2524,19,55578027,55703886,18
2525,19,55717955,56192915,64
2527,19,56410023,56795493,50
2528,19,56816785,56859204,5
2529,19,56864309,57628348,93
2530,19,57641139,57681491,4
2531,19,57694326,58009991,34
2533,19,58249435,58747326,58
2534,19,58760325,59398679,102
2537,19,59512768,60355202,97
2540,19,62601750,63093126,71
2542,19,63161590,63485310,38
2543,19,63492215,63575960,15
2544,19,63588319,63784327,38
2546,20,69521,189250,24
2547,20,194755,763411,71
2550,20,1516966,1539155,3
2551,20,1546858,1557784,2
2552,20,1578087,3037884,162
2553,20,3049358,5225253,249
2554,20,5229790,5512878,22
2556,20,6777556,8801003,138
2558,20,9785760,12243594,148
2561,20,14747098,14920195,19
2562,20,14939493,15029315,9
2563,20,15036230,15158545,14
2564,20,15174690,15904629,75
2565,20,15922383,16680587,61
2566,20,16687718,16786404,5
2573,20,22721013,23900883,107
2574,20,23907317,25032355,67
2575,20,25049716,25116611,5
2576,20,25127190,25551958,47
2577,20,25557493,25821065,12
2578,20,25839919,26156026,10
2581,20,29306447,29750304,64
2582,20,29761480,29773185,2
2583,20,29787671,30010322,35
2586,20,31339756,31560461,27
2587,20,31568653,31606234,6
2589,20,31744580,31883257,18
2590,20,31894758,31945175,5
2593,20,32377973,32691183,35
2594,20,32696760,33365924,87
2595,20,33373252,33634683,32
2596,20,33643912,33862183,32
2600,20,35750000,35791838,7
2602,20,36066537,36768161,77
2604,20,37153404,38764590,49
2605,20,38771196,39033123,10
2606,20,39049053,39344320,30
2607,20,39358207,39678657,39
2608,20,39688990,40052114,15
2612,20,41750091,42020318,21
2614,20,43283551,44919548,210
2616,20,45124342,45222725,12
2618,20,46074165,46770469,37
2619,20,46777921,47657956,88
2620,20,47670139,47720625,7
2625,20,48249501,48416335,16
2626,20,48496717,48586022,7
2627,20,48593705,48841772,24
2630,20,50108575,51268051,74
2633,20,52993159,53135675,5
2636,20,54435895,55268661,58
2637,20,55279536,55296265,2
2641,20,56302917,57359062,114
2642,20,57414372,57840795,42
2644,20,57890534,58492654,60
2648,20,60193218,60328797,26
2649,20,60333345,60363009,5
2650,20,60378053,61007178,74
2654,20,61439887,61785766,52
2655,20,61795796,62379059,87
2657,21,13334960,13435755,4
2658,21,13461550,13635227,5
2659,21,13660680,14258259,14
2661,21,14334542,14480152,15
2663,21,15481499,16229048,46
2665,21,17408551,18006620,52
2673,21,24749516,25496273,44
2675,21,28160073,28775542,38
2679,21,32584770,34121981,202
2680,21,34132594,34805333,77
2681,21,34810804,35118077,40
2683,21,35143936,35153895,2
2685,21,35266227,36466945,115
2690,21,39030818,39918819,113
2691,21,39927348,41144015,161
2697,21,44069095,44225285,18
2698,21,44231716,46914686,398
2699,22,134662,241255,13
2704,22,15523118,15563672,5
2705,22,15579496,15599936,2
2706,22,15630903,16476727,83
2707,22,16482888,16702519,32
2709,22,17080555,17294496,8
2710,22,17298569,17337860,7
2711,22,17343445,17385003,6
2712,22,17398378,19199401,215
2716,22,20906896,21844483,105
2717,22,21858001,22597688,108
2723,22,22725750,22731544,2
2724,22,22742616,23009582,35
2726,22,23930054,23946476,5
2727,22,23952881,23967594,3
2730,22,24876788,26191987,111
2731,22,26228884,26956916,63
2732,22,26999547,27819338,82
2736,22,31521603,32950474,143
2738,22,33700502,34814916,135
2740,22,35590804,36652726,176
2741,22,36658231,37678070,159
2743,22,37717564,37801946,14
2744,22,37803663,38961219,155
2745,22,38968144,39093020,20
2746,22,39107247,39317843,27
2749,22,41221190,41290227,11
2750,22,41293579,41298170,2
2751,22,41307174,41912419,90
2752,22,41917843,42643973,95
2754,22,43357607,45400818,264
2755,22,45406576,47045591,165
2760,23,3229,45135,5
2761,23,96116,214107,22
2766,23,422315,462468,4
2768,23,959048,1235529,4
2776,23,6326742,7941487,99
2785,23,34269895,38074080,265
2786,23,38108238,45914699,510
2787,23,45936939,47692775,200
2789,23,47850712,52769796,409
2791,23,52844235,58365352,405
2795,23,67574650,71124218,338
2797,23,72008396,76523923,264
2805,23,90107813,90588017,22
2806,23,90626987,90763396,2
2811,23,91404795,91459679,4
2814,23,92209094,95651579,131
2815,23,95696214,108087627,1072
2818,23,131385521,132949963,152
2820,23,140416671,144045173,174
2823,23,149594807,151064869,164
2824,23,151067607,152416606,159
2825,23,152422390,152548587,20
2827,23,152576854,152935130,64
2828,23,152994680,153054487,5
2829,23,153062077,153452633,57
2831,23,153504394,153933426,55
2833,23,153997146,154492924,43
